 sno , musbarkod , cikisno , altarih , teslimtar , tahsiltar , durum , grmaj , tutar , kargo 
 1 , TS0307114814 , 8854329837762 , 04.07.2018 , 11.07.2018 , 19.07.2018 , Teslim , 1000 , 39.4 , 8 
 2 , TS0207114057 , 8031410140427 , 06.07.2018 , 18.07.2018 , 18.07.2018 , ?ade , 1000 , 79.4 , 10.82 
 3 , TS0407115257 , 8860266097298 , 06.07.2018 , 11.07.2018 , 19.07.2018 , Teslim , 1000 , 39.4 , 8 
 4 , TS0507115464 , 8860266138866 , 06.07.2018 , 11.07.2018 , 19.07.2018 , Teslim , 1000 , 118.1 , 8 
 5 , TS0507115615 , 8860266264807 , 06.07.2018 , 11.07.2018 , 19.07.2018 , Teslim , 1000 , 39.4 , 8 
 6 , TS0507115807 , 8095470298239 , 06.07.2018 , 18.07.2018 , 18.07.2018 , ?ade , 1000 , 29.4 , 10.82 
 7 , TS0507115841 , 8860266449224 , 06.07.2018 , 11.07.2018 , 19.07.2018 , Teslim , 1000 , 79.4 , 8 
 8 , TS200593767 , 8155372578370 , 09.07.2018 , 18.07.2018 , 18.07.2018 , ?ade , 1000 , 69.3 , 10.82 
 9 , TS0507115418 , 8871389854104 , 09.07.2018 , 11.07.2018 , 19.07.2018 , Teslim , 1000 , 79.4 , 8 
 10 , TS0607116331 , 8183941767811 , 09.07.2018 , 18.07.2018 , 18.07.2018 , ?ade , 1000 , 34.4 , 10.82 
 11 , TS0607116332 , 8871389927017 , 09.07.2018 , 11.07.2018 , 19.07.2018 , Teslim , 1000 , 138.1 , 8 
 12 , TS0607116373 , 8186591933342 , 09.07.2018 , 18.07.2018 , 18.07.2018 , ?ade , 5000 , 69.3 , 18.17 
 13 , TS0607116399 , 8191515127697 , 09.07.2018 , 18.07.2018 , 18.07.2018 , ?ade , 1000 , 39.4 , 10.82 
 14 , TS0707116434 , 8871390011526 , 09.07.2018 , 11.07.2018 , 19.07.2018 , Teslim , 1000 , 39.4 , 8 
 15 , TS0707116442 , 8871390019435 , 09.07.2018 , 11.07.2018 , 19.07.2018 , Teslim , 1000 , 39.4 , 8 
 16 , TS0707116459 , 8871390030618 , 09.07.2018 , 11.07.2018 , 19.07.2018 , Teslim , 1000 , 34.4 , 8 
 17 , TS0707116491 , 8103435893171 , 09.07.2018 , 18.07.2018 , 18.07.2018 , ?ade , 1000 , 79.3 , 10.82 
 18 , TS0707116536 , 8871390098482 , 09.07.2018 , 11.07.2018 , 19.07.2018 , Teslim , 1000 , 89.3 , 8 
 19 , TS0707116582 , 8871390131844 , 09.07.2018 , 11.07.2018 , 19.07.2018 , Teslim , 1000 , 123.3 , 8 
 20 , TS0707116611 , 8871332664411 , 09.07.2018 , 11.07.2018 , 19.07.2018 , Teslim , 1000 , 113.3 , 8 
 21 , TS0707116641 , 8105847994596 , 09.07.2018 , 18.07.2018 , 18.07.2018 , ?ade , 1000 , 49.4 , 10.82 
 22 , TS0707116694 , 8871390193459 , 09.07.2018 , 11.07.2018 , 19.07.2018 , Teslim , 1000 , 39.4 , 8 
 23 , TS0707116699 , 8871332731319 , 09.07.2018 , 11.07.2018 , 19.07.2018 , Teslim , 1000 , 113.19 , 8 
 24 , TS0707116773 , 8158012155435 , 09.07.2018 , 18.07.2018 , 18.07.2018 , ?ade , 1000 , 39.4 , 10.82 
 25 , TS0707116792 , 8871390261526 , 09.07.2018 , 11.07.2018 , 19.07.2018 , Teslim , 1000 , 74.3 , 8 
 26 , TS0707116851 , 8871390305323 , 09.07.2018 , 11.07.2018 , 19.07.2018 , Teslim , 1000 , 123.4 , 8 
 27 , TS0707116931 , 8871390345291 , 09.07.2018 , 16.07.2018 , 19.07.2018 , Teslim , 1000 , 69.3 , 8 
 28 , TS0707116954 , 8871390364001 , 09.07.2018 , 11.07.2018 , 19.07.2018 , Teslim , 1000 , 99.3 , 8 
 29 , TS0707116980 , 8871390384748 , 09.07.2018 , 16.07.2018 , 19.07.2018 , Teslim , 1000 , 49.4 , 8 
 30 , TS0707117020 , 8191515132473 , 09.07.2018 , 18.07.2018 , 18.07.2018 , ?ade , 1000 , 79.4 , 10.82 
 31 , TS0707117033 , 8065681991292 , 09.07.2018 , 18.07.2018 , 18.07.2018 , ?ade , 1000 , 49.4 , 10.82 
 32 , TS0707117040 , 8871390427286 , 09.07.2018 , 11.07.2018 , 19.07.2018 , Teslim , 1000 , 79.3 , 8 
 33 , TS0707117063 , 8106626937021 , 09.07.2018 , 18.07.2018 , 18.07.2018 , ?ade , 1000 , 49.4 , 10.82 
 34 , TS0807117145 , 8105646308526 , 09.07.2018 , 18.07.2018 , 18.07.2018 , ?ade , 1000 , 59.4 , 10.82 
 35 , TS0807117186 , 8871390526857 , 09.07.2018 , 11.07.2018 , 19.07.2018 , Teslim , 1000 , 39.4 , 8 
 36 , TS0807117199 , 8871390538451 , 09.07.2018 , 11.07.2018 , 19.07.2018 , Teslim , 1000 , 79.3 , 8 
 37 , TS0807117311 , 8871390647179 , 09.07.2018 , 11.07.2018 , 19.07.2018 , Teslim , 1000 , 39.4 , 8 
 38 , TS0707117074 , 8155942465206 , 10.07.2018 , 18.07.2018 , 18.07.2018 , ?ade , 1000 , 49.4 , 10.82 
 39 , TS0807117383 , 8873362147527 , 10.07.2018 , 11.07.2018 , 19.07.2018 , Teslim , 1000 , 39.4 , 8 
 40 , TS0807117420 , 8232874441223 , 10.07.2018 , 18.07.2018 , 18.07.2018 , ?ade , 1000 , 39.4 , 10.82 
 41 , TS0807117476 , 8182973504591 , 10.07.2018 , 18.07.2018 , 18.07.2018 , ?ade , 1000 , 39.4 , 10.82 
 42 , TS0807117513 , 8873362247365 , 10.07.2018 , 16.07.2018 , 19.07.2018 , Teslim , 1000 , 39.4 , 8 
 43 , TS0807117531 , 8194673694556 , 10.07.2018 , 18.07.2018 , 18.07.2018 , ?ade , 1000 , 133.1 , 10.82 
 44 , TS0807117547 , 8873362267501 , 10.07.2018 , 11.07.2018 , 19.07.2018 , Teslim , 1000 , 39.4 , 8 
 45 , TS0907117750 , 8153032030426 , 10.07.2018 , 18.07.2018 , 18.07.2018 , ?ade , 1000 , 89.3 , 10.82 
 46 , TS0907117762 , 8105073346308 , 10.07.2018 , 18.07.2018 , 18.07.2018 , ?ade , 1000 , 99.3 , 10.82 
 47 , TS0407114893 , 8875265441457 , 10.07.2018 , 16.07.2018 , 19.07.2018 , Teslim , 1000 , 49.4 , 8 
 48 , TS0507115420 , 8231557237516 , 10.07.2018 , 18.07.2018 , 18.07.2018 , ?ade , 1000 , 79.4 , 10.82 
 49 , TS0707116656 , 8875265448639 , 10.07.2018 , 16.07.2018 , 19.07.2018 , Teslim , 1000 , 69.3 , 8 
 50 , TS0707116666 , 8875265449520 , 10.07.2018 , 16.07.2018 , 19.07.2018 , Teslim , 1000 , 69.3 , 8 
 51 , TS0907117787 , 8188392436220 , 10.07.2018 , 18.07.2018 , 18.07.2018 , ?ade , 1000 , 39.4 , 10.82 
 52 , TS0907117809 , 8875265499273 , 10.07.2018 , 12.07.2018 , 19.07.2018 , Teslim , 1000 , 99.2 , 8 
 53 , TS0907117868 , 8875265532247 , 10.07.2018 , 16.07.2018 , 19.07.2018 , Teslim , 1000 , 49.4 , 8 
 54 , TS0907117894 , 8875265554028 , 10.07.2018 , 11.07.2018 , 19.07.2018 , Teslim , 1000 , 79.4 , 8 
 55 , TS0907117897 , 8152849447515 , 10.07.2018 , 18.07.2018 , 18.07.2018 , ?ade , 1000 , 39.4 , 10.82 
 56 , TS0907117959 , 8875265607223 , 10.07.2018 , 16.07.2018 , 19.07.2018 , Teslim , 1000 , 39.4 , 8 
 57 , TS0907117963 , 8875265611726 , 10.07.2018 , 11.07.2018 , 19.07.2018 , Teslim , 1000 , 39.4 , 8 
 58 , TS0907117977 , 8185999094126 , 10.07.2018 , 18.07.2018 , 18.07.2018 , ?ade , 1000 , 39.4 , 10.82 
 59 , TS0907118007 , 8105073353169 , 10.07.2018 , 18.07.2018 , 18.07.2018 , ?ade , 1000 , 79.3 , 10.82 
 60 , TS0907118010 , 8151599134123 , 10.07.2018 , 18.07.2018 , 18.07.2018 , ?ade , 1000 , 39.4 , 10.82 
 61 , TS0907118107 , 8875265708301 , 10.07.2018 , 16.07.2018 , 19.07.2018 , Teslim , 1000 , 104.3 , 8 
 62 , TS0907118145 , 8875265741360 , 10.07.2018 , 16.07.2018 , 19.07.2018 , Teslim , 1000 , 39.4 , 8 
 63 , TS0907118223 , 8875265801593 , 10.07.2018 , 16.07.2018 , 19.07.2018 , Teslim , 1000 , 64.3 , 8 
 64 , TS0907118230 , 8875265807574 , 10.07.2018 , 16.07.2018 , 19.07.2018 , Teslim , 1000 , 39.4 , 8 
 65 , TS0907118238 , 8875265813196 , 10.07.2018 , 16.07.2018 , 19.07.2018 , Teslim , 1000 , 34.4 , 8 
 66 , TS0907118281 , 8160056354047 , 10.07.2018 , 18.07.2018 , 18.07.2018 , ?ade , 1000 , 39.4 , 10.82 
 67 , TS0907118287 , 8875265846026 , 10.07.2018 , 16.07.2018 , 19.07.2018 , Teslim , 1000 , 39.4 , 8 
 68 , TS0907118331 , 8875265875587 , 10.07.2018 , 16.07.2018 , 19.07.2018 , Teslim , 1000 , 104.3 , 8 
 69 , TS0907118362 , 8105468004731 , 10.07.2018 , 18.07.2018 , 18.07.2018 , ?ade , 1000 , 39.4 , 10.82 
 70 , TS0907118375 , 8031320252400 , 10.07.2018 , 18.07.2018 , 18.07.2018 , ?ade , 1000 , 64.3 , 10.82 
 71 , TS1007118392 , 8875265911882 , 10.07.2018 , 16.07.2018 , 19.07.2018 , Teslim , 5000 , 123.1 , 13 
 72 , TS1007118420 , 8875265925117 , 10.07.2018 , 16.07.2018 , 19.07.2018 , Teslim , 1000 , 39.4 , 8 
 73 , TS1007118447 , 8160056343697 , 10.07.2018 , 18.07.2018 , 18.07.2018 , ?ade , 1000 , 49.4 , 10.82 
 74 , TS1007118547 , 8187587962464 , 10.07.2018 , 18.07.2018 , 18.07.2018 , ?ade , 1000 , 39.4 , 10.82 
 75 , TS1007118574 , 8875266018434 , 10.07.2018 , 16.07.2018 , 19.07.2018 , Teslim , 1000 , 59.4 , 8 
 76 , TS0707116606 , 8878002963034 , 11.07.2018 , 16.07.2018 , 19.07.2018 , Teslim , 1000 , 39.4 , 8 
 77 , TS0707116868 , 8878002965637 , 11.07.2018 , 16.07.2018 , 19.07.2018 , Teslim , 1000 , 39.4 , 8 
 78 , TS0707117025 , 8878002969527 , 11.07.2018 , 16.07.2018 , 19.07.2018 , Teslim , 1000 , 69.3 , 8 
 79 , TS0907117819 , 8186655598720 , 11.07.2018 , 18.07.2018 , 18.07.2018 , ?ade , 1000 , 49.4 , 10.82 
 80 , TS0907118117 , 8878002998304 , 11.07.2018 , 16.07.2018 , 19.07.2018 , Teslim , 1000 , 49.4 , 8 
 81 , TS1007118603 , 8061055380027 , 11.07.2018 , 18.07.2018 , 18.07.2018 , ?ade , 1000 , 39.4 , 10.82 
 82 , TS1007118640 , 8878003036819 , 11.07.2018 , 16.07.2018 , 19.07.2018 , Teslim , 1000 , 39.4 , 8 
 83 , TS1007118666 , 8878003047102 , 11.07.2018 , 16.07.2018 , 19.07.2018 , Teslim , 1000 , 49.4 , 8 
 84 , TS1007118699 , 8878003061117 , 11.07.2018 , 16.07.2018 , 19.07.2018 , Teslim , 1000 , 34.4 , 8 
 85 , TS1007118725 , 8878003077390 , 11.07.2018 , 16.07.2018 , 19.07.2018 , Teslim , 1000 , 39.4 , 8 
 86 , TS1007118733 , 8878003088175 , 11.07.2018 , 16.07.2018 , 19.07.2018 , Teslim , 1000 , 34.4 , 8 
 87 , TS1007118791 , 8878003129671 , 11.07.2018 , 16.07.2018 , 19.07.2018 , Teslim , 1000 , 39.4 , 8 
 88 , TS1007118796 , 8878003137877 , 11.07.2018 , 16.07.2018 , 19.07.2018 , Teslim , 1000 , 39.4 , 8 
 89 , TS1007118833 , 8878003162668 , 11.07.2018 , 13.07.2018 , 19.07.2018 , Teslim , 1000 , 39.4 , 8 
 90 , TS1007118853 , 8878003170573 , 11.07.2018 , 16.07.2018 , 19.07.2018 , Teslim , 1000 , 69.3 , 8 
 91 , TS1007118963 , 8878003224802 , 11.07.2018 , 16.07.2018 , 19.07.2018 , Teslim , 1000 , 39.4 , 8 
 92 , TS1007118971 , 8878003228562 , 11.07.2018 , 16.07.2018 , 19.07.2018 , Teslim , 1000 , 49.4 , 8 
 93 , TS1007119004 , 8878003248731 , 11.07.2018 , 16.07.2018 , 19.07.2018 , Teslim , 1000 , 69.3 , 8 
 94 , TS1007119008 , 8107816464894 , 11.07.2018 , 18.07.2018 , 18.07.2018 , ?ade , 1000 , 39.4 , 10.82 
 95 , TS1007119037 , 8878003262875 , 11.07.2018 , 16.07.2018 , 19.07.2018 , Teslim , 1000 , 49.4 , 8 
 96 , TS0507115454 , 8883045918075 , 12.07.2018 , 16.07.2018 , 19.07.2018 , Teslim , 1000 , 79.4 , 8 
 97 , TS0607116060 , 8107425089785 , 12.07.2018 , 18.07.2018 , 18.07.2018 , ?ade , 1000 , 39.4 , 10.82 
 98 , TS0707116601 , 8883045923512 , 12.07.2018 , 16.07.2018 , 19.07.2018 , Teslim , 1000 , 39.4 , 8 
 99 , TS0807117184 , 8883045931828 , 12.07.2018 , 16.07.2018 , 19.07.2018 , Teslim , 1000 , 49.4 , 8 
 100 , TS0907118011 , 8883045959121 , 12.07.2018 , 16.07.2018 , 19.07.2018 , Teslim , 1000 , 89.3 , 8 
 101 , TS0907118163 , 8883045966695 , 12.07.2018 , 16.07.2018 , 19.07.2018 , Teslim , 1000 , 108.2 , 8 
 102 , TS0907118342 , 8209314305760 , 12.07.2018 , 18.07.2018 , 18.07.2018 , ?ade , 1000 , 34.4 , 10.82 
 103 , TS0907118354 , 8883045972141 , 12.07.2018 , 16.07.2018 , 19.07.2018 , Teslim , 1000 , 49.4 , 8 
 104 , TS1007118595 , 8883045988314 , 12.07.2018 , 16.07.2018 , 19.07.2018 , Teslim , 1000 , 49.4 , 8 
 105 , TS1007118596 , 8883045990525 , 12.07.2018 , 16.07.2018 , 19.07.2018 , Teslim , 1000 , 39.4 , 8 
 106 , TS1007118660 , 8883045997271 , 12.07.2018 , 16.07.2018 , 19.07.2018 , Teslim , 1000 , 148.2 , 8 
 107 , TS1007118766 , 8883046020374 , 12.07.2018 , 16.07.2018 , 19.07.2018 , Teslim , 1000 , 39.4 , 8 
 108 , TS1007118783 , 8883046027556 , 12.07.2018 , 16.07.2018 , 19.07.2018 , Teslim , 1000 , 39.4 , 8 
 109 , TS1007118885 , 8883046062247 , 12.07.2018 , 16.07.2018 , 19.07.2018 , Teslim , 1000 , 29.4 , 8 
 110 , TS1007118890 , 8883046064491 , 12.07.2018 , 16.07.2018 , 19.07.2018 , Teslim , 1000 , 29.4 , 8 
 111 , TS1007118895 , 8883046066640 , 12.07.2018 , 16.07.2018 , 19.07.2018 , Teslim , 1000 , 29.4 , 8 
 112 , TS1007118903 , 8883046069817 , 12.07.2018 , 16.07.2018 , 19.07.2018 , Teslim , 1000 , 39.4 , 8 
 113 , TS1007118908 , 8883046071664 , 12.07.2018 , 16.07.2018 , 19.07.2018 , Teslim , 1000 , 29.4 , 8 
 114 , TS1007118925 , 8883046084416 , 12.07.2018 , 16.07.2018 , 19.07.2018 , Teslim , 1000 , 49.4 , 8 
 115 , TS1007118981 , 8883046092206 , 12.07.2018 , 16.07.2018 , 19.07.2018 , Teslim , 1000 , 49.4 , 8 
 116 , TS1007119005 , 8883046096464 , 12.07.2018 , 16.07.2018 , 19.07.2018 , Teslim , 1000 , 39.4 , 8 
 117 , TS1007119009 , 8117087991292 , 12.07.2018 , 18.07.2018 , 18.07.2018 , ?ade , 1000 , 49.3 , 10.82 
 118 , TS1007119028 , 8883046106600 , 12.07.2018 , 16.07.2018 , 19.07.2018 , Teslim , 1000 , 49.4 , 8 
 119 , TS1107119155 , 8178797062103 , 12.07.2018 , 18.07.2018 , 18.07.2018 , ?ade , 1000 , 39.4 , 10.82 
 120 , TS1107119168 , 8035744808107 , 12.07.2018 , 18.07.2018 , 18.07.2018 , ?ade , 1000 , 39.4 , 10.82 
 121 , TS1107119186 , 8883046147616 , 12.07.2018 , 16.07.2018 , 19.07.2018 , Teslim , 1000 , 39.4 , 8 
 122 , TS1107119246 , 8883046163105 , 12.07.2018 , 16.07.2018 , 19.07.2018 , Teslim , 1000 , 123.3 , 8 
 123 , TS1107119255 , 8883046168195 , 12.07.2018 , 16.07.2018 , 19.07.2018 , Teslim , 1000 , 59.4 , 8 
 124 , TS1107119259 , 8883046169138 , 12.07.2018 , 16.07.2018 , 19.07.2018 , Teslim , 1000 , 49.4 , 8 
 125 , TS1107119265 , 8883046174225 , 12.07.2018 , 16.07.2018 , 19.07.2018 , Teslim , 1000 , 69.3 , 8 
 126 , TS1107119327 , 8101074253272 , 12.07.2018 , 18.07.2018 , 18.07.2018 , ?ade , 1000 , 39.4 , 10.82 
 127 , TS1107119324 , 8883046200485 , 12.07.2018 , 16.07.2018 , 19.07.2018 , Teslim , 1000 , 59.4 , 8 
 128 , TS1107119325 , 8883046201227 , 12.07.2018 , 16.07.2018 , 19.07.2018 , Teslim , 1000 , 49.4 , 8 
 129 , TS1107119346 , 8883046208490 , 12.07.2018 , 16.07.2018 , 19.07.2018 , Teslim , 1000 , 39.4 , 8 
 130 , TS1107119347 , 8883046210261 , 12.07.2018 , 16.07.2018 , 19.07.2018 , Teslim , 1000 , 69.3 , 8 
 131 , TS1107119356 , 8883046215041 , 12.07.2018 , 16.07.2018 , 19.07.2018 , Teslim , 1000 , 103.3 , 8 
 132 , TS1107119366 , 8883046219630 , 12.07.2018 , 16.07.2018 , 19.07.2018 , Teslim , 1000 , 59.4 , 8 
 133 , TS1107119402 , 8883046238865 , 12.07.2018 , 16.07.2018 , 19.07.2018 , Teslim , 1000 , 39.4 , 8 
 134 , TS1107119404 , 8883046241105 , 12.07.2018 , 16.07.2018 , 19.07.2018 , Teslim , 1000 , 49.4 , 8 
 135 , TS1107119436 , 8883046256627 , 12.07.2018 , 16.07.2018 , 19.07.2018 , Teslim , 1000 , 39.4 , 8 
 136 , TS1107119456 , 8883046265196 , 12.07.2018 , 16.07.2018 , 19.07.2018 , Teslim , 1000 , 59.4 , 8 
 137 , TS1107119463 , 8883046268403 , 12.07.2018 , 16.07.2018 , 19.07.2018 , Teslim , 1000 , 39.4 , 8 
 138 , TS1107119481 , 8883046276872 , 12.07.2018 , 16.07.2018 , 19.07.2018 , Teslim , 1000 , 49.4 , 8 
 139 , TS1107119487 , 8883046277446 , 12.07.2018 , 16.07.2018 , 19.07.2018 , Teslim , 1000 , 49.4 , 8 
 140 , TS1107119518 , 8883046293471 , 12.07.2018 , 16.07.2018 , 19.07.2018 , Teslim , 1000 , 79.4 , 8 
 141 , TS1107119527 , 8883046298782 , 12.07.2018 , 16.07.2018 , 19.07.2018 , Teslim , 1000 , 39.4 , 8 
 142 , TS1107119550 , 8883046313061 , 12.07.2018 , 16.07.2018 , 19.07.2018 , Teslim , 1000 , 79.4 , 8 
 143 , TS1107119553 , 8118484542280 , 12.07.2018 , 18.07.2018 , 18.07.2018 , ?ade , 1000 , 79.3 , 10.82 
 144 , TS1107119573 , 8883046320090 , 12.07.2018 , 16.07.2018 , 19.07.2018 , Teslim , 1000 , 39.4 , 8 
 145 , TS1107119582 , 8883046325344 , 12.07.2018 , 16.07.2018 , 19.07.2018 , Teslim , 1000 , 39.4 , 8 
 146 , TS1107119622 , 8883046341810 , 12.07.2018 , 16.07.2018 , 19.07.2018 , Teslim , 1000 , 49.4 , 8 
 147 , TS1107119634 , 8883046351743 , 12.07.2018 , 16.07.2018 , 19.07.2018 , Teslim , 1000 , 59.4 , 8 
 148 , TS1107119645 , 8883046357427 , 12.07.2018 , 16.07.2018 , 19.07.2018 , Teslim , 1000 , 39.4 , 8 
 149 , TS1207119676 , 8883046367624 , 12.07.2018 , 16.07.2018 , 19.07.2018 , Teslim , 1000 , 49.4 , 8 
 150 , TS2806112290 , 8885666582754 , 13.07.2018 , 16.07.2018 , 19.07.2018 , Teslim , 1000 , 59.3 , 8 
 151 , TS0207114193 , 8885666584658 , 13.07.2018 , 16.07.2018 , 19.07.2018 , Teslim , 1000 , 59.3 , 8 
 152 , TS0407115101 , 8885666587261 , 13.07.2018 , 16.07.2018 , 19.07.2018 , Teslim , 1000 , 34.4 , 8 
 153 , TS0807117269 , 8885666596194 , 13.07.2018 , 16.07.2018 , 19.07.2018 , Teslim , 1000 , 128.3 , 8 
 154 , TS1007118962 , 8885666602105 , 13.07.2018 , 16.07.2018 , 19.07.2018 , Teslim , 1000 , 113.08 , 8 
 155 , TS1107119284 , 8885666615431 , 13.07.2018 , 16.07.2018 , 19.07.2018 , Teslim , 1000 , 69.3 , 8 
 156 , TS1107119358 , 8885666621642 , 13.07.2018 , 16.07.2018 , 19.07.2018 , Teslim , 1000 , 69.3 , 8 
 157 , TS1107119388 , 8885666624364 , 13.07.2018 , 16.07.2018 , 19.07.2018 , Teslim , 1000 , 69.3 , 8 
 158 , TS1107119389 , 8885666625216 , 13.07.2018 , 16.07.2018 , 19.07.2018 , Teslim , 1000 , 39.4 , 8 
 159 , TS1107119458 , 8885666628331 , 13.07.2018 , 16.07.2018 , 19.07.2018 , Teslim , 1000 , 39.4 , 8 
 160 , TS1107119465 , 8885666630600 , 13.07.2018 , 16.07.2018 , 19.07.2018 , Teslim , 1000 , 69.3 , 8 
 161 , TS1107119474 , 8885666631834 , 13.07.2018 , 16.07.2018 , 19.07.2018 , Teslim , 1000 , 39.4 , 8 
 162 , TS1107119496 , 8885666634283 , 13.07.2018 , 16.07.2018 , 19.07.2018 , Teslim , 1000 , 39.4 , 8 
 163 , TS1107119556 , 8885666640533 , 13.07.2018 , 16.07.2018 , 19.07.2018 , Teslim , 1000 , 49.4 , 8 
 164 , TS1107119658 , 8885666646695 , 13.07.2018 , 16.07.2018 , 19.07.2018 , Teslim , 1000 , 69.3 , 8 
 165 , TS1107119659 , 8885666649695 , 13.07.2018 , 16.07.2018 , 19.07.2018 , Teslim , 1000 , 49.4 , 8 
 166 , TS1207119675 , 8885666654155 , 13.07.2018 , 16.07.2018 , 19.07.2018 , Teslim , 1000 , 39.4 , 8 
 167 , TS1207119697 , 8885666657246 , 13.07.2018 , 16.07.2018 , 19.07.2018 , Teslim , 1000 , 39.4 , 8 
 168 , TS1207119730 , 8885666663864 , 13.07.2018 , 16.07.2018 , 19.07.2018 , Teslim , 1000 , 49.4 , 8 
 169 , TS1207119752 , 8885666666572 , 13.07.2018 , 16.07.2018 , 19.07.2018 , Teslim , 1000 , 49.4 , 8 
 170 , TS1207119754 , 8885666668845 , 13.07.2018 , 16.07.2018 , 19.07.2018 , Teslim , 1000 , 49.4 , 8 
 171 , TS1207119769 , 8885666676491 , 13.07.2018 , 16.07.2018 , 19.07.2018 , Teslim , 1000 , 79.3 , 8 
 172 , TS1207119784 , 8885666679778 , 13.07.2018 , 16.07.2018 , 19.07.2018 , Teslim , 1000 , 49.4 , 8 
 173 , TS1207119796 , 8885666683301 , 13.07.2018 , 16.07.2018 , 19.07.2018 , Teslim , 1000 , 39.4 , 8 
 174 , TS1207119797 , 8885666685037 , 13.07.2018 , 16.07.2018 , 19.07.2018 , Teslim , 1000 , 79.4 , 8 
 175 , TS1207119798 , 8885666686741 , 13.07.2018 , 16.07.2018 , 19.07.2018 , Teslim , 1000 , 39.4 , 8 
 176 , TS1207119799 , 8885666688391 , 13.07.2018 , 16.07.2018 , 19.07.2018 , Teslim , 1000 , 39.4 , 8 
 177 , TS1207119800 , 8885666689367 , 13.07.2018 , 16.07.2018 , 19.07.2018 , Teslim , 1000 , 49.4 , 8 
 178 , TS1207119802 , 8885666691377 , 13.07.2018 , 16.07.2018 , 19.07.2018 , Teslim , 1000 , 59.3 , 8 
 179 , TS1207119813 , 8885666696085 , 13.07.2018 , 16.07.2018 , 19.07.2018 , Teslim , 1000 , 39.4 , 8 
 180 , TS1207119814 , 8885666697449 , 13.07.2018 , 16.07.2018 , 19.07.2018 , Teslim , 1000 , 34.4 , 8 
 181 , TS1207119817 , 8885666699578 , 13.07.2018 , 16.07.2018 , 19.07.2018 , Teslim , 1000 , 39.4 , 8 
 182 , TS1207119819 , 8885666701493 , 13.07.2018 , 16.07.2018 , 19.07.2018 , Teslim , 1000 , 79.4 , 8 
 183 , TS1207119830 , 8885666707474 , 13.07.2018 , 16.07.2018 , 19.07.2018 , Teslim , 1000 , 89.4 , 8 
 184 , TS1207119835 , 8885666708182 , 13.07.2018 , 16.07.2018 , 19.07.2018 , Teslim , 1000 , 39.4 , 8 
 185 , TS1207119839 , 8885666715647 , 13.07.2018 , 16.07.2018 , 19.07.2018 , Teslim , 1000 , 59.4 , 8 
 186 , TS1207119844 , 8885666720791 , 13.07.2018 , 16.07.2018 , 19.07.2018 , Teslim , 1000 , 39.4 , 8 
 187 , TS1207119858 , 8885666723590 , 13.07.2018 , 16.07.2018 , 19.07.2018 , Teslim , 1000 , 99.2 , 8 
 188 , TS1207119867 , 8885666732012 , 13.07.2018 , 16.07.2018 , 19.07.2018 , Teslim , 1000 , 39.4 , 8 
 189 , TS1207119871 , 8885666736739 , 13.07.2018 , 16.07.2018 , 19.07.2018 , Teslim , 1000 , 113.4 , 8 
 190 , TS1207119874 , 8885666741716 , 13.07.2018 , 16.07.2018 , 19.07.2018 , Teslim , 1000 , 79.4 , 8 
 191 , TS1207119883 , 8885666748060 , 13.07.2018 , 16.07.2018 , 19.07.2018 , Teslim , 1000 , 49.4 , 8 
 192 , TS1207119895 , 8885666755486 , 13.07.2018 , 16.07.2018 , 19.07.2018 , Teslim , 1000 , 39.4 , 8 
 193 , TS1207119897 , 8885666756118 , 13.07.2018 , 16.07.2018 , 19.07.2018 , Teslim , 1000 , 49.4 , 8 
 194 , TS1207119899 , 8885666758137 , 13.07.2018 , 16.07.2018 , 19.07.2018 , Teslim , 1000 , 69.3 , 8 
 195 , TS1207119911 , 8885666768133 , 13.07.2018 , 16.07.2018 , 19.07.2018 , Teslim , 1000 , 39.4 , 8 
 196 , TS1207119914 , 8885666773396 , 13.07.2018 , 16.07.2018 , 19.07.2018 , Teslim , 1000 , 79.4 , 8 
 197 , TS1207119923 , 8885666778512 , 13.07.2018 , 16.07.2018 , 19.07.2018 , Teslim , 1000 , 49.4 , 8 
 198 , TS1207119938 , 8885666785560 , 13.07.2018 , 16.07.2018 , 19.07.2018 , Teslim , 1000 , 49.4 , 8 
 199 , TS1207119942 , 8885666786809 , 13.07.2018 , 16.07.2018 , 19.07.2018 , Teslim , 1000 , 39.4 , 8 
 200 , TS1207119948 , 8885666792527 , 13.07.2018 , 16.07.2018 , 19.07.2018 , Teslim , 1000 , 49.4 , 8 
 201 , TS1207119949 , 8885666793843 , 13.07.2018 , 16.07.2018 , 19.07.2018 , Teslim , 1000 , 39.4 , 8 
 202 , TS1207119950 , 8885666794714 , 13.07.2018 , 16.07.2018 , 19.07.2018 , Teslim , 1000 , 39.4 , 8 
 203 , TS1207119951 , 8885666796570 , 13.07.2018 , 16.07.2018 , 19.07.2018 , Teslim , 1000 , 69.3 , 8 
 204 , TS1207119963 , 8885666800327 , 13.07.2018 , 16.07.2018 , 19.07.2018 , Teslim , 1000 , 39.4 , 8 
 205 , TS1207119970 , 8885666802456 , 13.07.2018 , 16.07.2018 , 19.07.2018 , Teslim , 1000 , 49.4 , 8 
 206 , TS1207119973 , 8885666803183 , 13.07.2018 , 16.07.2018 , 19.07.2018 , Teslim , 1000 , 39.4 , 8 
 207 , TS1207119982 , 8885666807830 , 13.07.2018 , 16.07.2018 , 19.07.2018 , Teslim , 1000 , 39.4 , 8 
 208 , TS1207119984 , 8885666809839 , 13.07.2018 , 16.07.2018 , 19.07.2018 , Teslim , 1000 , 123.3 , 8 
 209 , TS1207119985 , 8885666810490 , 13.07.2018 , 16.07.2018 , 19.07.2018 , Teslim , 1000 , 34.4 , 8 
 210 , TS1207119991 , 8885666812615 , 13.07.2018 , 16.07.2018 , 19.07.2018 , Teslim , 1000 , 39.4 , 8 
 211 , TS1207120001 , 8885666818510 , 13.07.2018 , 16.07.2018 , 19.07.2018 , Teslim , 1000 , 64.4 , 8 
 212 , TS1207120012 , 8885666825644 , 13.07.2018 , 16.07.2018 , 19.07.2018 , Teslim , 1000 , 49.4 , 8 
 213 , TS1207120021 , 8885666834893 , 13.07.2018 , 16.07.2018 , 19.07.2018 , Teslim , 1000 , 34.4 , 8 
 214 , TS1207120031 , 8885666843879 , 13.07.2018 , 16.07.2018 , 19.07.2018 , Teslim , 1000 , 123.3 , 8 
 215 , TS1207120034 , 8885666847463 , 13.07.2018 , 16.07.2018 , 19.07.2018 , Teslim , 1000 , 39.4 , 8 
 216 , TS1207120039 , 8885666849075 , 13.07.2018 , 16.07.2018 , 19.07.2018 , Teslim , 1000 , 89.4 , 8 
 217 , TS1207120038 , 8885666850468 , 13.07.2018 , 16.07.2018 , 19.07.2018 , Teslim , 1000 , 203.4 , 9 
 218 , TS1207120040 , 8885666852545 , 13.07.2018 , 16.07.2018 , 19.07.2018 , Teslim , 1000 , 39.4 , 8 
 219 , TS1207120041 , 8885666853421 , 13.07.2018 , 16.07.2018 , 19.07.2018 , Teslim , 1000 , 49.4 , 8 
 220 , TS1207120043 , 8885666857880 , 13.07.2018 , 16.07.2018 , 19.07.2018 , Teslim , 1000 , 39.4 , 8 
 221 , TS1207120044 , 8885666859382 , 13.07.2018 , 16.07.2018 , 19.07.2018 , Teslim , 1000 , 49.4 , 8 
 222 , TS1207120045 , 8885666860866 , 13.07.2018 , 16.07.2018 , 19.07.2018 , Teslim , 1000 , 39.4 , 8 
 223 , TS1207120057 , 8885666871843 , 13.07.2018 , 16.07.2018 , 19.07.2018 , Teslim , 1000 , 34.4 , 8 
 224 , TS1207120061 , 8885666875235 , 13.07.2018 , 16.07.2018 , 19.07.2018 , Teslim , 1000 , 39.4 , 8 
 225 , TS1207120068 , 8885666882212 , 13.07.2018 , 14.07.2018 , 19.07.2018 , Teslim , 1000 , 49.4 , 8 
 226 , TS1207120074 , 8885666883575 , 13.07.2018 , 16.07.2018 , 19.07.2018 , Teslim , 1000 , 69.3 , 8 
 227 , TS1207120085 , 8885666888867 , 13.07.2018 , 16.07.2018 , 19.07.2018 , Teslim , 1000 , 79.3 , 8 
 228 , TS1207120089 , 8885666891112 , 13.07.2018 , 16.07.2018 , 19.07.2018 , Teslim , 1000 , 74.3 , 8 
 229 , TS1207120092 , 8885666896112 , 13.07.2018 , 16.07.2018 , 19.07.2018 , Teslim , 1000 , 49.4 , 8 
 230 , TS1207120093 , 8885666897404 , 13.07.2018 , 16.07.2018 , 19.07.2018 , Teslim , 1000 , 49.4 , 8 
 231 , TS1207120098 , 8885666899404 , 13.07.2018 , 16.07.2018 , 19.07.2018 , Teslim , 1000 , 49.4 , 8 
 232 , TS1207120101 , 8885666902419 , 13.07.2018 , 16.07.2018 , 19.07.2018 , Teslim , 1000 , 49.4 , 8 
 233 , TS1207120109 , 8885666908807 , 13.07.2018 , 16.07.2018 , 19.07.2018 , Teslim , 1000 , 49.4 , 8 
 234 , TS1207120110 , 8885666909740 , 13.07.2018 , 16.07.2018 , 19.07.2018 , Teslim , 1000 , 39.4 , 8 
 235 , TS1207120114 , 8885666911271 , 13.07.2018 , 16.07.2018 , 19.07.2018 , Teslim , 1000 , 49.4 , 8 
 236 , TS1207120119 , 8885666914874 , 13.07.2018 , 16.07.2018 , 19.07.2018 , Teslim , 1000 , 39.4 , 8 
 237 , TS1207120122 , 8885666915395 , 13.07.2018 , 16.07.2018 , 19.07.2018 , Teslim , 1000 , 39.4 , 8 
 238 , TS1207120123 , 8885666917194 , 13.07.2018 , 16.07.2018 , 19.07.2018 , Teslim , 1000 , 49.4 , 8 
 239 , TS1207120126 , 8885666920353 , 13.07.2018 , 16.07.2018 , 19.07.2018 , Teslim , 1000 , 29.4 , 8 
 240 , TS1207120129 , 8885666922697 , 13.07.2018 , 16.07.2018 , 19.07.2018 , Teslim , 1000 , 69.3 , 8 
 241 , TS1207120134 , 8885666925650 , 13.07.2018 , 16.07.2018 , 19.07.2018 , Teslim , 1000 , 39.4 , 8 
 242 , TS1207120137 , 8885666927320 , 13.07.2018 , 16.07.2018 , 19.07.2018 , Teslim , 1000 , 39.4 , 8 
 243 , TS1207120138 , 8885666928535 , 13.07.2018 , 16.07.2018 , 19.07.2018 , Teslim , 1000 , 49.4 , 8 
 244 , TS1207120146 , 8885666933416 , 13.07.2018 , 16.07.2018 , 19.07.2018 , Teslim , 1000 , 34.4 , 8 
 245 , TS1207120150 , 8885666936818 , 13.07.2018 , 16.07.2018 , 19.07.2018 , Teslim , 1000 , 49.4 , 8 
 246 , TS1207120156 , 8885666942148 , 13.07.2018 , 16.07.2018 , 19.07.2018 , Teslim , 1000 , 39.4 , 8 
 247 , TS1207120164 , 8885666948800 , 13.07.2018 , 16.07.2018 , 19.07.2018 , Teslim , 1000 , 64.3 , 8 
 248 , TS1207120165 , 8885666950843 , 13.07.2018 , 16.07.2018 , 19.07.2018 , Teslim , 1000 , 39.4 , 8 
 249 , TS1207120174 , 8885666951034 , 13.07.2018 , 16.07.2018 , 19.07.2018 , Teslim , 1000 , 49.4 , 8 
 250 , TS1207120178 , 8885666952565 , 13.07.2018 , 16.07.2018 , 19.07.2018 , Teslim , 1000 , 39.4 , 8 
 251 , TS1207120182 , 8885666955268 , 13.07.2018 , 16.07.2018 , 19.07.2018 , Teslim , 1000 , 49.4 , 8 
 252 , TS1207120183 , 8885666957642 , 13.07.2018 , 16.07.2018 , 19.07.2018 , Teslim , 1000 , 49.4 , 8 
 253 , TS1207120184 , 8885666959733 , 13.07.2018 , 16.07.2018 , 19.07.2018 , Teslim , 1000 , 69.3 , 8 
 254 , TS1207120188 , 8885666963523 , 13.07.2018 , 16.07.2018 , 19.07.2018 , Teslim , 1000 , 49.4 , 8 
 255 , TS1207120189 , 8885666965633 , 13.07.2018 , 16.07.2018 , 19.07.2018 , Teslim , 1000 , 39.4 , 8 
 256 , TS1207120192 , 8885666968872 , 13.07.2018 , 16.07.2018 , 19.07.2018 , Teslim , 1000 , 49.4 , 8 
 257 , TS1207120201 , 8885666974126 , 13.07.2018 , 16.07.2018 , 19.07.2018 , Teslim , 1000 , 49.4 , 8 
 258 , TS1207120202 , 8885666975313 , 13.07.2018 , 16.07.2018 , 19.07.2018 , Teslim , 1000 , 39.4 , 8 
 259 , TS1207120215 , 8885666981796 , 13.07.2018 , 16.07.2018 , 19.07.2018 , Teslim , 1000 , 34.4 , 8 
 260 , TS1207120218 , 8885666984122 , 13.07.2018 , 16.07.2018 , 19.07.2018 , Teslim , 1000 , 49.4 , 8 
 261 , TS1207120219 , 8885666985097 , 13.07.2018 , 16.07.2018 , 19.07.2018 , Teslim , 1000 , 39.4 , 8 
 262 , TS1207120220 , 8885666987538 , 13.07.2018 , 16.07.2018 , 19.07.2018 , Teslim , 1000 , 39.4 , 8 
 263 , TS1207120221 , 8885666988414 , 13.07.2018 , 16.07.2018 , 19.07.2018 , Teslim , 1000 , 49.4 , 8 
 264 , TS1207120222 , 8885666990347 , 13.07.2018 , 16.07.2018 , 19.07.2018 , Teslim , 1000 , 49.4 , 8 
 265 , TS1207120223 , 8885666991237 , 13.07.2018 , 16.07.2018 , 19.07.2018 , Teslim , 1000 , 49.4 , 8 
 266 , TS1207120224 , 8885666993534 , 13.07.2018 , 16.07.2018 , 19.07.2018 , Teslim , 1000 , 59.4 , 8 
 267 , TS1207120227 , 8885666996859 , 13.07.2018 , 16.07.2018 , 19.07.2018 , Teslim , 1000 , 39.4 , 8 
 268 , TS1207120228 , 8885666998591 , 13.07.2018 , 16.07.2018 , 19.07.2018 , Teslim , 1000 , 113.3 , 8 
 269 , TS1207120232 , 8885667002291 , 13.07.2018 , 16.07.2018 , 19.07.2018 , Teslim , 1000 , 69.3 , 8 
 270 , TS1207120233 , 8885667004066 , 13.07.2018 , 16.07.2018 , 19.07.2018 , Teslim , 1000 , 59.4 , 8 
 271 , TS1207120238 , 8885667005009 , 13.07.2018 , 16.07.2018 , 19.07.2018 , Teslim , 5000 , 69.3 , 13 
 272 , TS1207120239 , 8885667007286 , 13.07.2018 , 16.07.2018 , 19.07.2018 , Teslim , 1000 , 69.3 , 8 
 273 , TS1207120240 , 8885667009770 , 13.07.2018 , 16.07.2018 , 19.07.2018 , Teslim , 1000 , 69.3 , 8 
 274 , TS1207120241 , 8885667010593 , 13.07.2018 , 16.07.2018 , 19.07.2018 , Teslim , 1000 , 39.4 , 8 
 275 , TS1207120251 , 8885667017043 , 13.07.2018 , 16.07.2018 , 19.07.2018 , Teslim , 1000 , 39.4 , 8 
 276 , TS1207120254 , 8885667018081 , 13.07.2018 , 16.07.2018 , 19.07.2018 , Teslim , 1000 , 69.3 , 8 
 277 , TS1207120258 , 8885667020029 , 13.07.2018 , 16.07.2018 , 19.07.2018 , Teslim , 1000 , 39.4 , 8 
 278 , TS1207120260 , 8885667023546 , 13.07.2018 , 16.07.2018 , 19.07.2018 , Teslim , 1000 , 49.4 , 8 
 279 , TS1207120266 , 8885667028163 , 13.07.2018 , 16.07.2018 , 19.07.2018 , Teslim , 1000 , 39.4 , 8 
 280 , TS1207120267 , 8885667029771 , 13.07.2018 , 14.07.2018 , 19.07.2018 , Teslim , 1000 , 69.3 , 8 
 281 , TS1207120275 , 8885667035556 , 13.07.2018 , 16.07.2018 , 19.07.2018 , Teslim , 1000 , 49.4 , 8 
 282 , TS1207120283 , 8885667040145 , 13.07.2018 , 16.07.2018 , 19.07.2018 , Teslim , 1000 , 49.4 , 8 
 283 , TS1207120287 , 8885667041035 , 13.07.2018 , 16.07.2018 , 19.07.2018 , Teslim , 1000 , 49.4 , 8 
 284 , TS1207120288 , 8885667043217 , 13.07.2018 , 16.07.2018 , 19.07.2018 , Teslim , 1000 , 39.4 , 8 
 285 , TS1207120289 , 8885667044791 , 13.07.2018 , 16.07.2018 , 19.07.2018 , Teslim , 1000 , 89.3 , 8 
 286 , TS1207120310 , 8885667055117 , 13.07.2018 , 16.07.2018 , 19.07.2018 , Teslim , 1000 , 49.4 , 8 
 287 , TS1207120314 , 8885667058595 , 13.07.2018 , 16.07.2018 , 19.07.2018 , Teslim , 1000 , 49.4 , 8 
 288 , TS1207120315 , 8885667060792 , 13.07.2018 , 16.07.2018 , 19.07.2018 , Teslim , 1000 , 49.4 , 8 
 289 , TS1207120317 , 8885667061036 , 13.07.2018 , 16.07.2018 , 19.07.2018 , Teslim , 1000 , 113.2 , 8 
 290 , TS1207120320 , 8885667063586 , 13.07.2018 , 16.07.2018 , 19.07.2018 , Teslim , 1000 , 39.4 , 8 
 291 , TS1207120322 , 8885667064170 , 13.07.2018 , 16.07.2018 , 19.07.2018 , Teslim , 1000 , 39.4 , 8 
 292 , TS1207120325 , 8885667066170 , 13.07.2018 , 16.07.2018 , 19.07.2018 , Teslim , 1000 , 34.4 , 8 
 293 , TS1207120327 , 8885667069314 , 13.07.2018 , 16.07.2018 , 19.07.2018 , Teslim , 1000 , 39.4 , 8 
 294 , TS1207120332 , 8885667072310 , 13.07.2018 , 16.07.2018 , 19.07.2018 , Teslim , 1000 , 64.3 , 8 
 295 , TS1207120333 , 8885667075434 , 13.07.2018 , 16.07.2018 , 19.07.2018 , Teslim , 1000 , 49.4 , 8 
 296 , TS1207120336 , 8885667077621 , 13.07.2018 , 16.07.2018 , 19.07.2018 , Teslim , 1000 , 39.4 , 8 
 297 , TS1207120337 , 8885667079530 , 13.07.2018 , 16.07.2018 , 19.07.2018 , Teslim , 1000 , 39.4 , 8 
 298 , TS0107113747 , 8202341867432 , 14.07.2018 , 18.07.2018 , 18.07.2018 , ?ade , 1000 , 79.3 , 10.82 
 299 , TS0507115618 , 8888397570031 , 14.07.2018 , 16.07.2018 , 19.07.2018 , Teslim , 1000 , 103.1 , 8 
 300 , TS0607116167 , 8888397573763 , 14.07.2018 , 16.07.2018 , 19.07.2018 , Teslim , 1000 , 108.2 , 8 
 301 , TS0707117055 , 8888397578744 , 14.07.2018 , 16.07.2018 , 19.07.2018 , Teslim , 1000 , 39.4 , 8 
 302 , TS0807117386 , 8888397581663 , 14.07.2018 , 16.07.2018 , 19.07.2018 , Teslim , 1000 , 133.2 , 8 
 303 , TS0807117592 , 8888397583591 , 14.07.2018 , 16.07.2018 , 19.07.2018 , Teslim , 1000 , 39.4 , 8 
 304 , TS1007118444 , 8888397586625 , 14.07.2018 , 16.07.2018 , 19.07.2018 , Teslim , 1000 , 59.3 , 8 
 305 , TS1007118632 , 8888397588735 , 14.07.2018 , 16.07.2018 , 19.07.2018 , Teslim , 1000 , 69.3 , 8 
 306 , TS1007118750 , 8888397594668 , 14.07.2018 , 16.07.2018 , 19.07.2018 , Teslim , 1000 , 49.3 , 8 
 307 , TS1007118899 , 8888397601028 , 14.07.2018 , 16.07.2018 , 19.07.2018 , Teslim , 1000 , 49.4 , 8 
 308 , TS1007118959 , 8888397605449 , 14.07.2018 , 16.07.2018 , 19.07.2018 , Teslim , 5000 , 104.1 , 13 
 309 , TS1007119034 , 8888397610005 , 14.07.2018 , 16.07.2018 , 19.07.2018 , Teslim , 1000 , 89.29 , 8 
 310 , TS1107119105 , 8888397614866 , 14.07.2018 , 16.07.2018 , 19.07.2018 , Teslim , 1000 , 29.4 , 8 
 311 , TS1107119145 , 8888397618258 , 14.07.2018 , 16.07.2018 , 19.07.2018 , Teslim , 1000 , 29.4 , 8 
 312 , TS1107119171 , 8888397619809 , 14.07.2018 , 16.07.2018 , 19.07.2018 , Teslim , 1000 , 34.4 , 8 
 313 , TS1107119180 , 8888397620436 , 14.07.2018 , 16.07.2018 , 19.07.2018 , Teslim , 1000 , 39.4 , 8 
 314 , TS1107119214 , 8888397622771 , 14.07.2018 , 16.07.2018 , 19.07.2018 , Teslim , 1000 , 84.2 , 8 
 315 , TS1107119275 , 8888397631154 , 14.07.2018 , 16.07.2018 , 19.07.2018 , Teslim , 1000 , 34.4 , 8 
 316 , TS1107119289 , 8888397634369 , 14.07.2018 , 16.07.2018 , 19.07.2018 , Teslim , 1000 , 49.4 , 8 
 317 , TS1107119290 , 8888397637710 , 14.07.2018 , 16.07.2018 , 19.07.2018 , Teslim , 1000 , 34.4 , 8 
 318 , TS1107119392 , 8888397646791 , 14.07.2018 , 16.07.2018 , 19.07.2018 , Teslim , 1000 , 69.3 , 8 
 319 , TS1107119397 , 8888397648624 , 14.07.2018 , 16.07.2018 , 19.07.2018 , Teslim , 1000 , 133 , 8 
 320 , TS1107119476 , 8888397653648 , 14.07.2018 , 16.07.2018 , 19.07.2018 , Teslim , 1000 , 64.3 , 8 
 321 , TS1107119523 , 8888397658840 , 14.07.2018 , 16.07.2018 , 19.07.2018 , Teslim , 1000 , 34.4 , 8 
 322 , TS1107119602 , 8888397665108 , 14.07.2018 , 16.07.2018 , 19.07.2018 , Teslim , 1000 , 39.4 , 8 
 323 , TS1107119603 , 8888397666237 , 14.07.2018 , 16.07.2018 , 19.07.2018 , Teslim , 1000 , 49.3 , 8 
 324 , TS1107119610 , 8888397669658 , 14.07.2018 , 16.07.2018 , 19.07.2018 , Teslim , 1000 , 49.4 , 8 
 325 , TS1107119616 , 8888397670453 , 14.07.2018 , 16.07.2018 , 19.07.2018 , Teslim , 1000 , 89.2 , 8 
 326 , TS1207119677 , 8888397674654 , 14.07.2018 , 16.07.2018 , 19.07.2018 , Teslim , 1000 , 29.4 , 8 
 327 , TS1207119708 , 8888397675888 , 14.07.2018 , 16.07.2018 , 19.07.2018 , Teslim , 1000 , 39.4 , 8 
 328 , TS1207119740 , 8888397678472 , 14.07.2018 , 16.07.2018 , 19.07.2018 , Teslim , 1000 , 34.4 , 8 
 329 , TS1207119768 , 8888397682281 , 14.07.2018 , 16.07.2018 , 19.07.2018 , Teslim , 1000 , 59.3 , 8 
 330 , TS1207119772 , 8888397687391 , 14.07.2018 , 16.07.2018 , 19.07.2018 , Teslim , 1000 , 29.4 , 8 
 331 , TS1207119776 , 8888397688741 , 14.07.2018 , 16.07.2018 , 19.07.2018 , Teslim , 1000 , 29.4 , 8 
 332 , TS1207119783 , 8888397692267 , 14.07.2018 , 16.07.2018 , 19.07.2018 , Teslim , 1000 , 39.4 , 8 
 333 , TS1207119794 , 8888397693052 , 14.07.2018 , 16.07.2018 , 19.07.2018 , Teslim , 1000 , 29.4 , 8 
 334 , TS1207119815 , 8888397694693 , 14.07.2018 , 16.07.2018 , 19.07.2018 , Teslim , 1000 , 123.3 , 8 
 335 , TS1207119832 , 8888397698531 , 14.07.2018 , 16.07.2018 , 19.07.2018 , Teslim , 1000 , 138.2 , 8 
 336 , TS1207119969 , 8888397702441 , 14.07.2018 , 16.07.2018 , 19.07.2018 , Teslim , 1000 , 39.4 , 8 
 337 , TS1207119999 , 8888397708345 , 14.07.2018 , 16.07.2018 , 19.07.2018 , Teslim , 1000 , 39.4 , 8 
 338 , TS1207120010 , 8888397712834 , 14.07.2018 , 16.07.2018 , 19.07.2018 , Teslim , 1000 , 49.3 , 8 
 339 , TS1207120073 , 8888397719231 , 14.07.2018 , 16.07.2018 , 19.07.2018 , Teslim , 1000 , 29.4 , 8 
 340 , TS1207120087 , 8888397729767 , 14.07.2018 , 16.07.2018 , 19.07.2018 , Teslim , 1000 , 49.4 , 8 
 341 , TS1207120094 , 8888397733672 , 14.07.2018 , 16.07.2018 , 19.07.2018 , Teslim , 1000 , 59.4 , 8 
 342 , TS1207120097 , 8888397734758 , 14.07.2018 , 16.07.2018 , 19.07.2018 , Teslim , 1000 , 64.3 , 8 
 343 , TS1207120118 , 8888397740476 , 14.07.2018 , 16.07.2018 , 19.07.2018 , Teslim , 1000 , 39.4 , 8 
 344 , TS1207120158 , 8888397744289 , 14.07.2018 , 16.07.2018 , 19.07.2018 , Teslim , 1000 , 59.3 , 8 
 345 , TS1207120159 , 8888397745280 , 14.07.2018 , 16.07.2018 , 19.07.2018 , Teslim , 1000 , 39.4 , 8 
 346 , TS1207120208 , 8888397755247 , 14.07.2018 , 16.07.2018 , 19.07.2018 , Teslim , 1000 , 193.4 , 8 
 347 , TS1207120210 , 8888397757803 , 14.07.2018 , 16.07.2018 , 19.07.2018 , Teslim , 1000 , 49.4 , 8 
 348 , TS1207120257 , 8888397758602 , 14.07.2018 , 16.07.2018 , 19.07.2018 , Teslim , 1000 , 49.3 , 8 
 349 , TS1207120308 , 8888397764238 , 14.07.2018 , 16.07.2018 , 19.07.2018 , Teslim , 1000 , 39.4 , 8 
 350 , TS1307120352 , 8888397778559 , 14.07.2018 , 16.07.2018 , 19.07.2018 , Teslim , 1000 , 39.4 , 8 
 351 , TS1307120358 , 8888397783277 , 14.07.2018 , 16.07.2018 , 19.07.2018 , Teslim , 1000 , 113.4 , 8 
 352 , TS1307120363 , 8888397792216 , 14.07.2018 , 16.07.2018 , 19.07.2018 , Teslim , 1000 , 39.4 , 8 
 353 , TS1307120366 , 8888397796747 , 14.07.2018 , 16.07.2018 , 19.07.2018 , Teslim , 1000 , 39.4 , 8 
 354 , TS1307120370 , 8888397799383 , 14.07.2018 , 16.07.2018 , 19.07.2018 , Teslim , 1000 , 39.4 , 8 
 355 , TS1307120373 , 8888397802418 , 14.07.2018 , 16.07.2018 , 19.07.2018 , Teslim , 1000 , 34.4 , 8 
 356 , TS1307120374 , 8888397804720 , 14.07.2018 , 16.07.2018 , 19.07.2018 , Teslim , 1000 , 89.3 , 8 
 357 , TS1307120376 , 8888397807701 , 14.07.2018 , 16.07.2018 , 19.07.2018 , Teslim , 1000 , 79.4 , 8 
 358 , TS1307120381 , 8888397812510 , 14.07.2018 , 16.07.2018 , 19.07.2018 , Teslim , 1000 , 203.4 , 9 
 359 , TS1307120383 , 8888397814490 , 14.07.2018 , 16.07.2018 , 19.07.2018 , Teslim , 1000 , 49.4 , 8 
 360 , TS1307120388 , 8888397818782 , 14.07.2018 , 16.07.2018 , 19.07.2018 , Teslim , 1000 , 89.3 , 8 
 361 , TS1307120391 , 8888397821242 , 14.07.2018 , 16.07.2018 , 19.07.2018 , Teslim , 1000 , 59.3 , 8 
 362 , TS1307120393 , 8888397826845 , 14.07.2018 , 16.07.2018 , 19.07.2018 , Teslim , 1000 , 49.4 , 8 
 363 , TS1307120395 , 8888397831401 , 14.07.2018 , 16.07.2018 , 19.07.2018 , Teslim , 1000 , 49.4 , 8 
 364 , TS1307120398 , 8888397833673 , 14.07.2018 , 16.07.2018 , 19.07.2018 , Teslim , 1000 , 49.4 , 8 
 365 , TS1307120399 , 8888397837175 , 14.07.2018 , 16.07.2018 , 19.07.2018 , Teslim , 1000 , 49.4 , 8 
 366 , TS1307120400 , 8888397838051 , 14.07.2018 , 16.07.2018 , 19.07.2018 , Teslim , 1000 , 49.4 , 8 
 367 , TS1307120401 , 8888397839783 , 14.07.2018 , 16.07.2018 , 19.07.2018 , Teslim , 1000 , 99.2 , 8 
 368 , TS1307120404 , 8888397843808 , 14.07.2018 , 16.07.2018 , 19.07.2018 , Teslim , 1000 , 49.49 , 8 
 369 , TS1307120412 , 8888397850195 , 14.07.2018 , 16.07.2018 , 19.07.2018 , Teslim , 1000 , 69.3 , 8 
 370 , TS1307120414 , 8888397853311 , 14.07.2018 , 16.07.2018 , 19.07.2018 , Teslim , 1000 , 39.4 , 8 
 371 , TS1307120433 , 8888397855066 , 14.07.2018 , 16.07.2018 , 19.07.2018 , Teslim , 1000 , 34.4 , 8 
 372 , TS1307120440 , 8888397862574 , 14.07.2018 , 16.07.2018 , 19.07.2018 , Teslim , 1000 , 39.4 , 8 
 373 , TS1307120442 , 8888397864101 , 14.07.2018 , 16.07.2018 , 19.07.2018 , Teslim , 1000 , 49.4 , 8 
 374 , TS1307120451 , 8888397866120 , 14.07.2018 , 16.07.2018 , 19.07.2018 , Teslim , 1000 , 49.4 , 8 
 375 , TS1307120476 , 8888397879604 , 14.07.2018 , 16.07.2018 , 19.07.2018 , Teslim , 1000 , 39.4 , 8 
 376 , TS1307120483 , 8888397883317 , 14.07.2018 , 16.07.2018 , 19.07.2018 , Teslim , 1000 , 39.4 , 8 
 377 , TS1307120492 , 8888397885465 , 14.07.2018 , 16.07.2018 , 19.07.2018 , Teslim , 1000 , 79.3 , 8 
 378 , TS1307120501 , 8888397890896 , 14.07.2018 , 16.07.2018 , 19.07.2018 , Teslim , 1000 , 34.4 , 8 
 379 , TS1307120510 , 8888397895475 , 14.07.2018 , 16.07.2018 , 19.07.2018 , Teslim , 1000 , 39.4 , 8 
 380 , TS1307120514 , 8888397898021 , 14.07.2018 , 16.07.2018 , 19.07.2018 , Teslim , 1000 , 69.4 , 8 
 381 , TS1307120538 , 8888397907022 , 14.07.2018 , 16.07.2018 , 19.07.2018 , Teslim , 1000 , 49.4 , 8 
 382 , TS1307120543 , 8888397914797 , 14.07.2018 , 16.07.2018 , 19.07.2018 , Teslim , 1000 , 39.4 , 8 
 383 , TS1307120552 , 8888397916649 , 14.07.2018 , 16.07.2018 , 19.07.2018 , Teslim , 1000 , 49.4 , 8 
 384 , TS1307120558 , 8888397918525 , 14.07.2018 , 16.07.2018 , 19.07.2018 , Teslim , 1000 , 39.4 , 8 
 385 , TS1307120568 , 8888397924755 , 14.07.2018 , 16.07.2018 , 19.07.2018 , Teslim , 25000 , 392.2 , 25 
 386 , TS1307120570 , 8888397925166 , 14.07.2018 , 16.07.2018 , 19.07.2018 , Teslim , 1000 , 203.4 , 9 
 387 , TS1307120592 , 8888397931449 , 14.07.2018 , 16.07.2018 , 19.07.2018 , Teslim , 1000 , 59.4 , 8 
 388 , TS1307120595 , 8888397938033 , 14.07.2018 , 16.07.2018 , 19.07.2018 , Teslim , 1000 , 49.4 , 8 
 389 , TS1307120596 , 8888397940186 , 14.07.2018 , 16.07.2018 , 19.07.2018 , Teslim , 1000 , 49.4 , 8 
 390 , TS1307120606 , 8888397947780 , 14.07.2018 , 16.07.2018 , 19.07.2018 , Teslim , 1000 , 34.4 , 8 
 391 , TS1307120608 , 8888397949679 , 14.07.2018 , 16.07.2018 , 19.07.2018 , Teslim , 1000 , 49.4 , 8 
 392 , TS1307120627 , 8888397961795 , 14.07.2018 , 16.07.2018 , 19.07.2018 , Teslim , 1000 , 89.3 , 8 
 393 , TS1307120635 , 8888397965872 , 14.07.2018 , 16.07.2018 , 19.07.2018 , Teslim , 1000 , 123.2 , 8 
 394 , TS1307120637 , 8888397968801 , 14.07.2018 , 16.07.2018 , 19.07.2018 , Teslim , 1000 , 79.4 , 8 
 395 , TS1307120642 , 8888397972255 , 14.07.2018 , 16.07.2018 , 19.07.2018 , Teslim , 1000 , 143.4 , 8 
 396 , TS1307120646 , 8888397975293 , 14.07.2018 , 16.07.2018 , 19.07.2018 , Teslim , 1000 , 49.4 , 8 
 397 , TS1307120652 , 8888397979676 , 14.07.2018 , 16.07.2018 , 19.07.2018 , Teslim , 1000 , 34.4 , 8 
 398 , TS1307120661 , 8888397986849 , 14.07.2018 , 16.07.2018 , 19.07.2018 , Teslim , 1000 , 39.4 , 8 
 399 , TS1307120664 , 8888397992261 , 14.07.2018 , 16.07.2018 , 19.07.2018 , Teslim , 1000 , 113.4 , 8 
 400 , TS1307120682 , 8888398002143 , 14.07.2018 , 16.07.2018 , 19.07.2018 , Teslim , 1000 , 69.3 , 8 
 401 , TS1307120694 , 8888398008071 , 14.07.2018 , 16.07.2018 , 19.07.2018 , Teslim , 1000 , 39.4 , 8 
 402 , TS1307120704 , 8888398012335 , 14.07.2018 , 16.07.2018 , 19.07.2018 , Teslim , 1000 , 34.4 , 8 
 403 , TS1307120717 , 8888398025383 , 14.07.2018 , 16.07.2018 , 19.07.2018 , Teslim , 1000 , 123.4 , 8 
 404 , TS1307120718 , 8888398027139 , 14.07.2018 , 16.07.2018 , 19.07.2018 , Teslim , 1000 , 39.4 , 8 
 405 , TS1307120723 , 8888398032872 , 14.07.2018 , 16.07.2018 , 19.07.2018 , Teslim , 1000 , 39.4 , 8 
 406 , TS1307120726 , 8888398042145 , 14.07.2018 , 16.07.2018 , 19.07.2018 , Teslim , 1000 , 49.4 , 8 
 407 , TS1307120734 , 8888398049825 , 14.07.2018 , 16.07.2018 , 19.07.2018 , Teslim , 1000 , 39.4 , 8 
 408 , TS1307120739 , 8888398051389 , 14.07.2018 , 16.07.2018 , 19.07.2018 , Teslim , 1000 , 99.4 , 8 
 409 , TS1307120740 , 8888398054246 , 14.07.2018 , 16.07.2018 , 19.07.2018 , Teslim , 1000 , 39.4 , 8 
 410 , TS1307120742 , 8888398057375 , 14.07.2018 , 16.07.2018 , 19.07.2018 , Teslim , 1000 , 34.4 , 8 
 411 , TS1307120744 , 8888398060677 , 14.07.2018 , 16.07.2018 , 19.07.2018 , Teslim , 1000 , 49.4 , 8 
 412 , TS1307120751 , 8888398064740 , 14.07.2018 , 16.07.2018 , 19.07.2018 , Teslim , 1000 , 49.4 , 8 
 413 , TS1307120754 , 8888398069347 , 14.07.2018 , 16.07.2018 , 19.07.2018 , Teslim , 1000 , 49.4 , 8 
 414 , TS1307120760 , 8888398070836 , 14.07.2018 , 16.07.2018 , 19.07.2018 , Teslim , 1000 , 89.3 , 8 
 415 , TS1307120769 , 8888398074511 , 14.07.2018 , 16.07.2018 , 19.07.2018 , Teslim , 1000 , 69.3 , 8 
 416 , TS1307120773 , 8888398081037 , 14.07.2018 , 16.07.2018 , 19.07.2018 , Teslim , 1000 , 49.4 , 8 
 417 , TS1307120776 , 8888398085458 , 14.07.2018 , 16.07.2018 , 19.07.2018 , Teslim , 1000 , 29.4 , 8 
 418 , TS1307120785 , 8888398093215 , 14.07.2018 , 16.07.2018 , 19.07.2018 , Teslim , 1000 , 39.4 , 8 
 419 , TS1307120791 , 8888398098306 , 14.07.2018 , 16.07.2018 , 19.07.2018 , Teslim , 1000 , 49.4 , 8 
 420 , TS1307120797 , 8888398101221 , 14.07.2018 , 16.07.2018 , 19.07.2018 , Teslim , 1000 , 49.4 , 8 
 421 , TS1307120804 , 8888398103196 , 14.07.2018 , 16.07.2018 , 19.07.2018 , Teslim , 1000 , 64.3 , 8 
 422 , TS1307120806 , 8888398109709 , 14.07.2018 , 16.07.2018 , 19.07.2018 , Teslim , 1000 , 59.4 , 8 
 423 , TS1307120808 , 8888398113355 , 14.07.2018 , 16.07.2018 , 19.07.2018 , Teslim , 1000 , 49.4 , 8 
 424 , TS1307120810 , 8888398115690 , 14.07.2018 , 16.07.2018 , 19.07.2018 , Teslim , 1000 , 69.3 , 8 
 425 , TS1307120817 , 8888398117556 , 14.07.2018 , 16.07.2018 , 19.07.2018 , Teslim , 1000 , 49.4 , 8 
 426 , TS1307120818 , 8888398120791 , 14.07.2018 , 16.07.2018 , 19.07.2018 , Teslim , 1000 , 49.4 , 8 
 427 , TS1307120819 , 8888398122002 , 14.07.2018 , 16.07.2018 , 19.07.2018 , Teslim , 1000 , 39.4 , 8 
 428 , TS1307120825 , 8888398128839 , 14.07.2018 , 16.07.2018 , 19.07.2018 , Teslim , 1000 , 39.4 , 8 
 429 , TS1307120830 , 8888398130887 , 14.07.2018 , 16.07.2018 , 19.07.2018 , Teslim , 1000 , 143.3 , 8 
 430 , TS1307120842 , 8888398136155 , 14.07.2018 , 16.07.2018 , 19.07.2018 , Teslim , 1000 , 49.4 , 8 
 431 , TS1307120844 , 8888398144878 , 14.07.2018 , 16.07.2018 , 19.07.2018 , Teslim , 1000 , 49.4 , 8 
 432 , TS1307120849 , 8888398150266 , 14.07.2018 , 16.07.2018 , 19.07.2018 , Teslim , 1000 , 39.4 , 8 
 433 , TS1307120854 , 8888398157137 , 14.07.2018 , 16.07.2018 , 19.07.2018 , Teslim , 1000 , 39.4 , 8 
 434 , TS1307120860 , 8888398163109 , 14.07.2018 , 16.07.2018 , 19.07.2018 , Teslim , 1000 , 64.3 , 8 
 435 , TS1307120864 , 8888398165004 , 14.07.2018 , 16.07.2018 , 19.07.2018 , Teslim , 1000 , 64.4 , 8 
 436 , TS1307120876 , 8888398171402 , 14.07.2018 , 16.07.2018 , 19.07.2018 , Teslim , 1000 , 203.4 , 9 
 437 , TS1307120879 , 8888398174229 , 14.07.2018 , 16.07.2018 , 19.07.2018 , Teslim , 1000 , 49.4 , 8 
 438 , TS1307120880 , 8888398177889 , 14.07.2018 , 16.07.2018 , 19.07.2018 , Teslim , 1000 , 49.4 , 8 
 439 , TS1307120891 , 8888398185541 , 14.07.2018 , 16.07.2018 , 19.07.2018 , Teslim , 1000 , 39.4 , 8 
 440 , TS1307120895 , 8888398189541 , 14.07.2018 , 16.07.2018 , 19.07.2018 , Teslim , 5000 , 162.9 , 13 
 441 , TS1307120900 , 8888398193436 , 14.07.2018 , 16.07.2018 , 19.07.2018 , Teslim , 5000 , 123.1 , 13 
 442 , TS1307120905 , 8888398195158 , 14.07.2018 , 16.07.2018 , 19.07.2018 , Teslim , 1000 , 79.3 , 8 
 443 , TS1307120924 , 8888398208178 , 14.07.2018 , 16.07.2018 , 19.07.2018 , Teslim , 5000 , 123.1 , 13 
 444 , TS1307120928 , 8888398212059 , 14.07.2018 , 16.07.2018 , 19.07.2018 , Teslim , 1000 , 49.4 , 8 
 445 , TS1307120931 , 8888398214653 , 14.07.2018 , 16.07.2018 , 19.07.2018 , Teslim , 1000 , 34.4 , 8 
 446 , TS1307120943 , 8888398226457 , 14.07.2018 , 16.07.2018 , 19.07.2018 , Teslim , 1000 , 49.4 , 8 
 447 , TS1307120944 , 8888398229108 , 14.07.2018 , 16.07.2018 , 19.07.2018 , Teslim , 1000 , 39.4 , 8 
 448 , TS1407120955 , 8888398238013 , 14.07.2018 , 16.07.2018 , 19.07.2018 , Teslim , 1000 , 29.4 , 8 
 449 , TS1407120959 , 8888398240477 , 14.07.2018 , 16.07.2018 , 19.07.2018 , Teslim , 1000 , 39.4 , 8 
 450 , TS1407120974 , 8888398250071 , 14.07.2018 , 16.07.2018 , 19.07.2018 , Teslim , 1000 , 49.4 , 8 
 451 , TS1407120981 , 8888398262129 , 14.07.2018 , 16.07.2018 , 19.07.2018 , Teslim , 1000 , 69.3 , 8 
 452 , TS1407120987 , 8888398271383 , 14.07.2018 , 16.07.2018 , 19.07.2018 , Teslim , 1000 , 39.4 , 8 
 453 , TS1407120997 , 8888398274312 , 14.07.2018 , 16.07.2018 , 19.07.2018 , Teslim , 1000 , 49.4 , 8 
 454 , TS1407120998 , 8888398278474 , 14.07.2018 , 16.07.2018 , 19.07.2018 , Teslim , 1000 , 49.4 , 8 
 455 , TS1407120999 , 8888398279824 , 14.07.2018 , 16.07.2018 , 19.07.2018 , Teslim , 1000 , 59.3 , 8 
 456 , TS1407121005 , 8888398285724 , 14.07.2018 , 16.07.2018 , 19.07.2018 , Teslim , 1000 , 49.4 , 8 
 457 , TS1407121006 , 8888398288647 , 14.07.2018 , 16.07.2018 , 19.07.2018 , Teslim , 5000 , 163.19 , 13 
 458 , TS1407121009 , 8888398292514 , 14.07.2018 , 16.07.2018 , 19.07.2018 , Teslim , 1000 , 49.4 , 8 
 459 , TS1407121018 , 8888398297423 , 14.07.2018 , 16.07.2018 , 19.07.2018 , Teslim , 1000 , 94.3 , 8 
 460 , TS1407121033 , 8888398310855 , 14.07.2018 , 16.07.2018 , 19.07.2018 , Teslim , 1000 , 99.4 , 8 
 461 , TS1307120444 , 8898295002130 , 16.07.2018 , 19.07.2018 , 19.07.2018 , Teslim , 1000 , 0 , 6 
 462 , TS1307120502 , 8898295015226 , 16.07.2018 , 18.07.2018 , 18.07.2018 , Teslim , 1000 , 0 , 6 
 463 , TS1407120994 , 8898295148042 , 16.07.2018 , 18.07.2018 , 18.07.2018 , Teslim , 1000 , 0 , 6 
 464 , TS1407121227 , 8898295288103 , 16.07.2018 , 18.07.2018 , 18.07.2018 , Teslim , 1000 , 0 , 6 
 465 , TS1407121379 , 8898295410656 , 16.07.2018 , 18.07.2018 , 18.07.2018 , Teslim , 1000 , 0 , 6 
 466 , TS1407121457 , 8898295477463 , 16.07.2018 , 18.07.2018 , 18.07.2018 , Teslim , 1000 , 0 , 6 
 467 , TS1407121488 , 8898295507283 , 16.07.2018 , 18.07.2018 , 18.07.2018 , Teslim , 1000 , 0 , 6 
 468 , TS1407121578 , 8216603559337 , 16.07.2018 , 18.07.2018 , 18.07.2018 , ?ade , 1000 , 39.4 , 10.82 
 469 , TS1407121589 , 8898295589747 , 16.07.2018 , 18.07.2018 , 18.07.2018 , Teslim , 1000 , 0 , 6 
 470 , TS1507121625 , 8898295617352 , 16.07.2018 , 18.07.2018 , 18.07.2018 , Teslim , 1000 , 0 , 6 
 471 , TS1507121631 , 8216603558519 , 16.07.2018 , 18.07.2018 , 18.07.2018 , ?ade , 1000 , 49.4 , 10.82 
 472 , TS1507121661 , 8898295645382 , 16.07.2018 , 18.07.2018 , 18.07.2018 , Teslim , 1000 , 0 , 6 
 473 , TS1507121698 , 8898295668824 , 16.07.2018 , 18.07.2018 , 18.07.2018 , Teslim , 1000 , 0 , 6 
 474 , TS1507121751 , 8898295725564 , 16.07.2018 , 18.07.2018 , 18.07.2018 , Teslim , 1000 , 0 , 6 
 475 , TS1507121789 , 8898295768255 , 16.07.2018 , 18.07.2018 , 18.07.2018 , Teslim , 1000 , 0 , 6 
 476 , TS1507121897 , 8898295849054 , 16.07.2018 , 18.07.2018 , 18.07.2018 , Teslim , 1000 , 0 , 6 
 477 , TS1507121905 , 8898295855620 , 16.07.2018 , 18.07.2018 , 18.07.2018 , Teslim , 1000 , 0 , 6 
 478 , TS1607122266 , 8898296027621 , 16.07.2018 , 18.07.2018 , 18.07.2018 , Teslim , 1000 , 0 , 6 
 479 , TS1607122280 , 8898296032075 , 16.07.2018 , 18.07.2018 , 18.07.2018 , Teslim , 1000 , 0 , 6 
 480 , TS1207119807 , 8311224428251 , 17.07.2018 , 18.07.2018 , 18.07.2018 , Teslim , 1000 , 0 , 6 
 481 , TS1207120005 , 8311224441194 , 17.07.2018 , 18.07.2018 , 18.07.2018 , Teslim , 1000 , 0 , 6 
 482 , TS1307120846 , 8311224467473 , 17.07.2018 , 18.07.2018 , 18.07.2018 , Teslim , 1000 , 0 , 6 
 483 , TS1607122342 , 8311224811504 , 17.07.2018 , 19.07.2018 , 19.07.2018 , Teslim , 1000 , 0 , 6 
 484 , TS1607122502 , 8311224909370 , 17.07.2018 , 18.07.2018 , 18.07.2018 , Teslim , 1000 , 0 , 6 
 485 , TS1607122671 , 8311225021492 , 17.07.2018 , 18.07.2018 , 18.07.2018 , Teslim , 1000 , 0 , 6 
 486 , TS1607122759 , 8311225062236 , 17.07.2018 , 18.07.2018 , 18.07.2018 , Teslim , 1000 , 0 , 6 
 487 , TS1707122883 , 8311225164300 , 17.07.2018 , 18.07.2018 , 18.07.2018 , Teslim , 1000 , 0 , 6 
 488 , TS1707122890 , 8311225170893 , 17.07.2018 , 18.07.2018 , 18.07.2018 , Teslim , 1000 , 0 , 6 
 489 , TS1707122924 , 8311225191660 , 17.07.2018 , 18.07.2018 , 18.07.2018 , Teslim , 1000 , 0 , 6 
 490 , TS1707122943 , 8311225210671 , 17.07.2018 , 18.07.2018 , 18.07.2018 , Teslim , 1000 , 0 , 6 
 491 ,  ,  ,  ,  ,  ,  ,  ,  ,  
 492 ,  ,  ,  ,  ,  ,  ,  ,  ,  
 493 ,  ,  ,  ,  ,  ,  ,  , GENEL  TOPLAM ,  
 494 ,  ,  ,  ,  ,  ,  ,  , TA?IMA  BEDEL? ,  
 495 ,  ,  ,  ,  ,  ,  ,  , DENECEK  TUTAR ,  
